node_id,file_type,projection,x,y,invert_level,V05_20Te09h.PRF,V03_SUMN_PostEQ_ED2014_00p5AEP_00p5hr.PRF,V03_SUMN_PostEQ_ED2014_00p5AEP_03hr.PRF,V03_SUMN_PostEQ_ED2014_00p5AEP_06hr.PRF,V03_SUMN_PostEQ_ED2014_00p5AEP_12hr.PRF,V03_SUMN_PostEQ_ED2014_05AEP_18hrT.PRF,V03_SUMN_PostEQ_ED2014_00p5AEP_03hr.res11,V03_SUMN_PostEQ_ED2014_05AEP_18hrT.res11,V03_SUMN_PostEQ_ED2014_00p5AEP_00p5hr.res11,V03_SUMN_PostEQ_ED2014_00p5AEP_02hr.res11,V03_SUMN_PostEQ_ED2014_00p5AEP_09hr.res11,max_of_max_level,max_of_max_depth,critical_duration
SUMN.SUMNSTM 2095.0,res11,,1581159.125,5175270.5,10.002,,,,,,,11.594,11.305,11.253,11.562,11.632,11.632,1.629,3$
SUMN.SUMNSTM 281.5,res11,,1580042.5,5174278.5,18.575,,,,,,,19.315,19.052,19.358,19.354,19.188,19.358,0.783,2
SUMN.SUMNSTM 447.7,res11,,1580156.25,5174399.5,13.948,,,,,,,15.046,14.791,15.129,15.111,14.908,15.129,1.181,2
SUMN.SUMNSTM 514.6,res11,,1580202.875,5174446.5,13.274,,,,,,,14.196,13.877,14.275,14.247,14.079,14.275,1.001,2
SUMN.SUMNSTM 667.3,res11,,1580302.375,5174561.0,11.226,,,,,,,13.374,11.972,13.468,13.466,13.124,13.468,2.242,2
SUMN.Access.CCCGIS.10911,prf,,1580604.952,5174656.095,11.108,12.319,12.157,12.298,12.33,12.149,11.913,,,,,,12.33,1.222,"""A2"""
SUMN.SUMNVALE 150.0,res11,,1579988.375,5174356.0,18.922,,,,,,,19.128,19.029,19.204,19.154,19.086,19.204,0.282,2
SUMN.SUMNVALE 170.0,res11,,1580001.75,5174370.5,18.538,,,,,,,18.827,18.695,18.853,18.826,18.793,18.853,0.315,2
SUMN.SUMNSTM 2468.0,res11,,1581426.625,5175468.5,9.732,,,,,,,10.917,10.916,10.831,10.882,10.986,10.986,1.253,3$
SUMN.SUMNSTM 390.8,res11,,1580118.0,5174357.5,15.153,,,,,,,15.965,15.832,16.036,16.007,15.884,16.036,0.883,2
SUMN.SUMNSTM 534.0,res11,,1580213.0,5174463.0,12.751,,,,,,,14.105,13.721,14.157,14.147,13.977,14.157,1.406,2
SUMN.SUMNVALE 240.0,res11,,1580059.5,5174351.5,17.025,,,,,,,18.055,17.861,18.13,18.092,17.964,18.13,1.105,2
SUMN.Inlet.CCCGIS.13050,prf,,1581022.228,5175492.18,10.11,12.0,11.19,11.485,11.554,11.522,11.138,,,,,,12.0,1.89,"""0.5"""
SUMN.SUMNSTM 647.3,res11,,1580288.75,5174546.5,11.918,,,,,,,13.434,12.763,13.502,13.504,13.211,13.504,1.586,3
SUMN.HEBER10 33.0,res11,,1580419.625,5174785.0,11.12,,,,,,,12.234,11.896,12.156,12.268,12.116,12.268,1.148,3
SUMN.Junction.CCCGIS.4644,prf,,1580448.852,5176110.624,9.311,12.243,11.72,11.688,11.539,11.538,11.182,,,,,,12.243,2.932,"""0.5"""
SUMN.Junction.CCCGIS.5193,prf,,1580953.397,5175003.682,10.29,11.991,11.471,11.787,11.819,11.777,11.491,,,,,,11.991,1.701,"""0.5"""
SUMN.RICHMONW 185.0,res11,,1580361.875,5176003.5,10.846,,,,,,,12.417,11.573,12.479,12.447,12.332,12.479,1.633,2
SUMN.SUMNSTM 1156.2,res11,,1580430.375,5174800.5,11.0,,,,,,,12.226,11.893,12.146,12.258,12.111,12.258,1.258,3
SUMN.Outlet.CCCGIS.3509,prf,,1580291.089,5174693.996,11.144,12.284,12.481,12.482,12.386,12.296,12.189,,,,,,12.482,1.337,0.5
SUMN.SUMNSTM 2081.4,res11,,1581151.5,5175259.0,10.022,,,,,,,11.595,11.314,11.262,11.564,11.632,11.632,1.61,3$
SUMN.SUMNSTM 1617.0,res11,,1580855.25,5174928.5,10.283,,,,,,,11.903,11.567,11.626,11.881,11.875,11.903,1.62,A0.5
SUMN.SUMNSTM 331.5,res11,,1580077.5,5174314.0,16.89,,,,,,,18.021,17.766,18.091,18.06,17.902,18.091,1.201,2
SUMN.SUMNSTM 633.4,res11,,1580280.875,5174535.0,12.06,,,,,,,13.494,12.895,13.559,13.56,13.282,13.56,1.5,3
SUMN.SUMNSTM 2495.4,res11,,1581443.75,5175489.5,9.72,,,,,,,10.981,10.943,10.86,10.945,11.043,11.043,1.323,3$
SUMN.SUMNSTM 1413.9,res11,,1580674.75,5174851.0,10.78,,,,,,,12.002,11.688,11.847,12.011,11.945,12.011,1.231,3
SUMN.RICHMONW 158.1,res11,,1580349.0,5175980.0,11.94,,,,,,,12.727,12.295,12.827,12.767,12.553,12.827,0.887,2
SUMN.SUMNSTM 583.4,res11,,1580247.0,5174498.5,12.459,,,,,,,13.706,13.334,13.764,13.771,13.547,13.771,1.312,3
SUMN.Inlet.CCCGIS.13293,prf,,1580850.312,5175631.274,10.495,11.996,11.204,11.54,11.571,11.52,11.107,,,,,,11.996,1.501,"""0.5"""
SUMN.Outlet.CCCGIS.1915,prf,,1580803.906,5175932.447,9.5,12.149,10.76,10.76,10.76,10.76,10.848,,,,,,12.149,2.649,"""0.5"""
SUMN.SUMNSTM 353.4,res11,,1580093.125,5174329.5,16.303,,,,,,,18.032,17.761,18.091,18.058,17.899,18.091,1.788,2
SUMN.SUMNSTM 1041.4,res11,,1580341.375,5174872.0,11.213,,,,,,,12.23,11.935,12.151,12.263,12.12,12.263,1.049,3
SUMN.Inlet.CCCGIS.13083,prf,,1580979.228,5174983.157,10.32,12.011,11.471,11.785,11.818,11.782,11.519,,,,,,12.011,1.691,"""0.5"""
SUMN.RICHMONW 53.3,res11,,1580300.0,5175889.0,14.873,,,,,,,16.515,15.825,16.614,16.56,16.308,16.614,1.741,2
SUMN.Inlet.CCCGIS.13064,prf,,1580498.474,5174566.295,15.658,15.904,15.664,15.664,15.664,15.664,15.664,,,,,,15.904,0.246,"""0.5"""
SUMN.SUMNSTM 1216.0,res11,,1580478.75,5174830.5,10.83,,,,,,,12.207,11.878,12.121,12.235,12.097,12.235,1.405,3
SUMN.SUMNVALE 30.0,res11,,1579909.0,5174266.0,23.029,,,,,,,23.254,23.162,23.356,23.27,23.214,23.356,0.327,2
SUMN.SUMNVALE 260.0,res11,,1580076.0,5174340.0,16.831,,,,,,,18.007,17.773,18.082,18.048,17.893,18.082,1.251,2
SUMN.SUMNSTM 261.5,res11,,1580028.75,5174264.0,18.966,,,,,,,19.811,19.543,19.86,19.852,19.685,19.86,0.894,2
SUMN.Access.CCCGIS.12929,prf,,1580396.885,5176028.088,9.786,12.216,12.138,12.126,12.024,11.997,11.448,,,,,,12.216,2.429,"""0.5"""
SUMN.SUMNSTM 1150.5,res11,,1580426.125,5174803.5,11.0,,,,,,,12.228,11.9,12.148,12.26,12.115,12.26,1.26,3
SUMN.Inlet.CCCGIS.13105,prf,,1580745.495,5175740.687,10.149,11.98,11.452,11.659,11.624,11.55,11.306,,,,,,11.98,1.831,"""0.5"""
SUMN.SUMNSTM 2400.4,res11,,1581383.375,5175416.5,9.766,,,,,,,11.174,10.999,10.944,11.107,11.264,11.264,1.498,3$
SUMN.Access.CCCGIS.10900,prf,,1580516.308,5174569.003,12.938,13.418,12.944,12.944,12.944,12.944,12.944,,,,,,13.418,0.48,"""0.5"""
SUMN.SUMNVALE 20.0,res11,,1579900.875,5174261.5,23.667,,,,,,,23.677,23.676,23.679,23.677,23.677,23.679,0.012,2
SUMN.Inlet.CCCGIS.13072,prf,,1580169.109,5174531.969,12.56,13.701,13.733,13.613,13.509,13.128,12.754,,,,,,13.733,1.173,
SUMN.Bend.CCCGIS.135,prf,,1580927.775,5175175.747,8.187,12.642,12.465,12.009,11.868,11.708,11.341,,,,,,12.642,4.455,"""0.5"""
SUMN.SUMNSTM 2417.1,res11,,1581394.125,5175429.0,9.759,,,,,,,11.091,10.979,10.909,11.042,11.188,11.188,1.43,3$
SUMN.Access.CCCGIS.10827,prf,,1580202.541,5174528.893,12.265,13.534,13.638,13.516,13.413,13.036,12.509,,,,,,13.638,1.373,
SUMN.SUMNSTM 1196.9,res11,,1580460.125,5174826.0,10.89,,,,,,,12.208,11.88,12.124,12.236,12.098,12.236,1.346,3
SUMN.SUMNSTM 149.3,res11,,1579949.875,5174185.5,22.71,,,,,,,23.914,23.513,23.975,23.954,23.778,23.975,1.265,2
SUMN.Access.CCCGIS.10904,prf,,1580551.651,5176035.837,10.942,12.031,11.832,11.874,11.809,11.739,11.222,,,,,,12.031,1.089,"""0.5"""
SUMN.SUMNSTM 129.3,res11,,1579937.875,5174169.5,23.297,,,,,,,24.614,24.069,24.729,24.691,24.407,24.729,1.432,2
SUMN.Inlet.CCCGIS.13135,prf,,1580683.631,5175807.039,10.515,12.009,11.556,11.729,11.689,11.563,11.459,,,,,,12.009,1.494,"""0.5"""
SUMN.Access.CCCGIS.10877,prf,,1580386.035,5176027.769,9.461,12.298,12.345,12.279,12.188,12.133,11.457,,,,,,12.345,2.884,
SUMN.Junction.CCCGIS.1410,prf,,1580211.322,5176363.871,10.869,12.208,11.306,11.279,11.26,11.251,11.251,,,,,,12.208,1.339,"""0.5"""
SUMN.Inlet.CCCGIS.13026,prf,,1581095.555,5175050.712,12.329,12.469,12.442,12.456,12.459,12.456,12.444,,,,,,12.469,0.14,"""0.5"""
SUMN.SUMNSTM 504.6,res11,,1580198.125,5174438.0,13.136,,,,,,,14.308,14.021,14.418,14.371,14.177,14.418,1.282,2
SUMN.SUMNVALE 160.0,res11,,1579995.125,5174363.0,18.663,,,,,,,18.89,18.779,18.956,18.913,18.856,18.956,0.293,2
SUMN.Outlet.CCCGIS.12801,prf,,1580547.684,5175037.253,10.862,12.09,11.767,11.956,11.94,11.882,11.648,,,,,,12.09,1.227,"""0.5"""
SUMN.FINNPL 42.4,res11,,1580225.25,5174788.0,12.598,,,,,,,12.893,12.816,12.975,12.902,12.86,12.975,0.377,2
SUMN.Access.CCCGIS.10898,prf,,1580506.463,5174733.71,11.05,12.163,12.153,12.302,12.317,12.106,11.912,,,,,,12.317,1.267,"""A2"""
SUMN.Inlet.CCCGIS.28532,prf,,1580510.797,5175946.279,10.865,11.977,11.908,11.933,11.883,11.863,11.678,,,,,,11.977,1.112,"""0.5"""
SUMN.Outlet.CCCGIS.1921,prf,,1580333.615,5175944.068,13.053,13.796,14.024,13.916,13.857,13.804,13.716,,,,,,14.024,0.971,
SUMN.Access.CCCGIS.16496,prf,,1580528.501,5175927.343,9.707,12.226,11.757,11.678,11.598,11.586,11.181,,,,,,12.226,2.519,"""0.5"""
SUMN.Inlet.CCCGIS.13131,prf,,1580692.252,5175782.773,10.376,11.998,11.523,11.696,11.662,11.586,11.404,,,,,,11.998,1.622,"""0.5"""
SUMN.Inlet.CCCGIS.13046,prf,,1581197.828,5175412.239,9.924,11.994,11.4,11.107,11.498,11.504,11.151,,,,,,11.994,2.07,"""0.5"""
SUMN.FINNPL 157.2,res11,,1580303.75,5174834.0,11.2,,,,,,,12.291,12.014,12.25,12.308,12.215,12.308,1.108,3
SUMN.HEBER10 44.0,res11,,1580426.75,5174793.5,11.0,,,,,,,12.229,11.894,12.149,12.262,12.113,12.262,1.262,3
SUMN.SUMNVALE 120.0,res11,,1579968.0,5174334.0,19.738,,,,,,,19.914,19.821,19.951,19.919,19.881,19.951,0.213,2
SUMN.Inlet.CCCGIS.13048,prf,,1581111.045,5175443.822,9.998,12.048,11.44,11.268,11.458,11.45,11.139,,,,,,12.048,2.05,"""0.5"""
SUMN.SUMNVALE 190.0,res11,,1580017.25,5174378.0,18.553,,,,,,,18.675,18.602,18.703,18.684,18.611,18.703,0.15,2
SUMN.SUMNSTM 2595.0,res11,,1581496.0,5175574.5,9.3,,,,,,,10.789,10.876,10.793,10.794,10.794,10.876,1.576,22@
SUMN.WIGGINS 23.9,res11,,1581186.625,5175201.0,11.113,,,,,,,11.595,11.375,11.698,11.594,11.639,11.698,0.585,2
SUMN.SUMNSTM 2286.5,res11,,1581288.75,5175386.5,9.748,,,,,,,11.452,11.138,11.086,11.399,11.505,11.505,1.757,3$
SUMN.SUMNSTM 9.3,res11,,1579894.75,5174060.5,28.08,,,,,,,28.106,28.089,28.196,28.147,28.093,28.196,0.116,2
SUMN.SUMNSTM 798.1,res11,,1580291.25,5174680.0,11.216,,,,,,,12.537,12.253,12.552,12.583,12.413,12.583,1.367,3
SUMN.Access.CCCGIS.16498,prf,,1580388.518,5176039.331,9.444,12.261,12.082,12.032,11.908,11.88,11.355,,,,,,12.261,2.817,"""0.5"""
SUMN.SUMNSTM 1109.6,res11,,1580394.25,5174829.0,11.08,,,,,,,12.231,11.924,12.153,12.262,12.12,12.262,1.182,3
SUMN.SUMNVALE 140.0,res11,,1579981.625,5174348.5,19.121,,,,,,,19.32,19.224,19.382,19.337,19.279,19.382,0.261,2
SUMN.Access.CCCGIS.10903,prf,,1580546.708,5174701.966,11.06,12.262,12.155,12.365,12.244,12.124,11.91,,,,,,12.365,1.305,0.5
SUMN.Access.CCCGIS.10925,prf,,1580715.128,5174900.727,10.43,11.992,11.774,11.961,11.946,11.886,11.639,,,,,,11.992,1.562,"""0.5"""
SUMN.Outlet.CCCGIS.1926,prf,,1580343.831,5176246.973,10.751,12.144,11.483,11.732,11.681,11.63,11.475,,,,,,12.144,1.393,"""0.5"""
SUMN.Access.CCCGIS.10891,prf,,1580481.901,5175091.099,11.025,12.407,11.801,11.952,11.935,11.877,11.652,,,,,,12.407,1.382,"""0.5"""
SUMN.Access.CCCGIS.10859,prf,,1580320.159,5174683.515,8.781,13.12,13.294,12.942,12.929,12.598,11.619,,,,,,13.294,4.513,
SUMN.RICHMONW 66.7,res11,,1580307.625,5175900.0,14.616,,,,,,,16.036,15.537,16.129,16.079,15.854,16.129,1.513,2
SUMN.SUMNSTM 2110.8,res11,,1581167.25,5175283.5,9.98,,,,,,,11.588,11.292,11.238,11.555,11.628,11.628,1.648,3$
SUMN.SUMNSTM 341.5,res11,,1580084.625,5174321.0,16.462,,,,,,,18.029,17.763,18.091,18.059,17.899,18.091,1.629,2
SUMN.SUMNSTM 159.3,res11,,1579955.0,5174194.0,22.67,,,,,,,23.478,23.214,23.557,23.542,23.371,23.557,0.887,2
SUMN.Access.CCCGIS.10894,prf,,1580494.075,5174745.363,11.045,12.141,12.152,12.287,12.264,12.1,11.909,,,,,,12.287,1.242,0.5
SUMN.SUMNSTM 1438.4,res11,,1580698.875,5174854.5,10.696,,,,,,,11.994,11.68,11.843,12.002,11.942,12.002,1.306,3
SUMN.Access.CCCGIS.10890,prf,,1580465.586,5175104.333,11.084,12.502,11.807,11.952,11.935,11.877,11.651,,,,,,12.502,1.418,"""0.5"""
SUMN.Access.CCCGIS.10927,prf,,1580731.553,5174887.281,10.408,11.992,11.762,11.963,11.95,11.889,11.638,,,,,,11.992,1.584,"""0.5"""
SUMN.WIGGINS 88.1,res11,,1581162.375,5175249.0,10.438,,,,,,,11.595,11.314,11.262,11.564,11.633,11.633,1.196,3$
SUMN.Access.CCCGIS.10896,prf,,1580502.794,5174907.568,8.588,12.954,14.996,12.7,12.564,12.296,11.533,,,,,,14.996,6.408,
SUMN.SUMNSTM 251.5,res11,,1580021.875,5174256.5,19.17,,,,,,,20.042,19.759,20.096,20.085,19.909,20.096,0.926,2
SUMN.SUMNSTM 474.6,res11,,1580175.625,5174418.0,13.897,,,,,,,14.694,14.46,14.803,14.752,14.568,14.803,0.906,2
SUMN.Access.CCCGIS.10953,prf,,1581076.716,5175069.884,10.388,11.994,11.448,11.807,11.866,11.783,11.47,,,,,,11.994,1.606,"""0.5"""
SUMN.Access.CCCGIS.10937,prf,,1580857.606,5175658.689,9.675,11.989,11.087,11.244,11.257,11.237,11.017,,,,,,11.989,2.314,"""0.5"""
SUMN.Change.CCCGIS.10168,prf,,1580846.392,5175656.681,10.327,11.988,11.195,11.525,11.558,11.5,11.095,,,,,,11.988,1.661,"""0.5"""
SUMN.Inlet.CCCGIS.13089,prf,,1580845.012,5175056.72,8.433,12.306,19.795,11.835,11.906,11.881,11.517,,,,,,19.795,11.362,
SUMN.RICHMONW 26.7,res11,,1580286.5,5175866.0,15.39,,,,,,,16.559,15.862,16.651,16.599,16.363,16.651,1.261,2
SUMN.SUMNSTM 1559.5,res11,,1580809.0,5174895.5,10.35,,,,,,,11.938,11.606,11.702,11.926,11.899,11.938,1.588,A0.5
SUMN.SUMNSTM 2335.0,res11,,1581335.75,5175374.5,9.7,,,,,,,11.419,11.087,11.035,11.356,11.48,11.48,1.78,3$
SUMN.SUMNSTM 1235.0,res11,,1580497.25,5174834.5,10.771,,,,,,,12.207,11.874,12.119,12.236,12.095,12.236,1.465,3
SUMN.Access.CCCGIS.10861,prf,,1580321.233,5176086.672,10.49,12.387,12.262,12.201,12.097,12.055,11.462,,,,,,12.387,1.897,"""0.5"""
SUMN.SUMNSTM 400.8,res11,,1580125.0,5174364.5,15.084,,,,,,,15.838,15.648,15.925,15.89,15.727,15.925,0.841,2
SUMN.FINNPL 96.5,res11,,1580254.625,5174833.5,12.558,,,,,,,12.819,12.779,12.869,12.825,12.8,12.869,0.311,2
SUMN.SUMNSTM 349.9,res11,,1580090.625,5174327.0,16.303,,,,,,,18.034,17.762,18.094,18.061,17.9,18.094,1.791,2
SUMN.SUMNSTM 430.8,res11,,1580145.0,5174387.0,14.266,,,,,,,15.147,14.912,15.219,15.214,15.013,15.219,0.953,2
SUMN.FINNPL 110.5,res11,,1580263.25,5174844.0,12.667,,,,,,,12.765,12.75,12.773,12.767,12.759,12.773,0.106,2
SUMN.SUMNSTM 875.4,res11,,1580297.5,5174757.0,11.172,,,,,,,12.423,12.103,12.387,12.468,12.265,12.468,1.296,3
SUMN.Access.CCCGIS.10907,prf,,1580578.006,5175002.093,8.509,12.882,14.1,12.576,12.407,12.165,11.496,,,,,,14.1,5.591,
SUMN.Access.CCCGIS.19254,prf,,1580312.019,5174571.478,9.895,13.251,13.525,13.332,13.229,12.844,11.677,,,,,,13.525,3.63,
SUMN.SUMNSTM 2450.4,res11,,1581415.5,5175454.5,9.745,,,,,,,10.978,10.938,10.855,10.943,11.046,11.046,1.301,3$
SUMN.Inlet.CCCGIS.13132,prf,,1580686.123,5175780.784,10.398,11.978,11.541,11.715,11.676,11.595,11.442,,,,,,11.978,1.58,"""0.5"""
SUMN.Access.CCCGIS.10902,prf,,1580531.038,5175050.959,10.915,12.149,11.777,11.954,11.937,11.88,11.65,,,,,,12.149,1.234,"""0.5"""
SUMN.SUMNSTM 440.8,res11,,1580151.75,5174394.5,14.027,,,,,,,15.076,14.818,15.158,15.142,14.934,15.158,1.131,2
SUMN.SUMNSTM 2191.4,res11,,1581217.25,5175346.5,9.91,,,,,,,11.575,11.231,11.166,11.534,11.622,11.622,1.712,3$
SUMN.Access.CCCGIS.10831,prf,,1580213.148,5174688.452,11.896,12.3,12.483,12.497,12.46,12.43,12.303,,,,,,12.497,0.601,0.5
SUMN.Access.CCCGIS.10852,prf,,1580292.471,5174601.509,11.64,13.244,13.46,13.339,13.235,12.856,12.258,,,,,,13.46,1.82,
SUMN.SUMNVALE 130.0,res11,,1579974.75,5174341.0,19.459,,,,,,,19.64,19.553,19.684,19.648,19.605,19.684,0.225,2
SUMN.Access.CCCGIS.10908,prf,,1580587.628,5174669.929,11.07,12.277,12.156,12.312,12.296,12.146,11.915,,,,,,12.312,1.242,0.5
SUMN.SUMNSTM 1123.2,res11,,1580404.875,5174820.5,11.053,,,,,,,12.231,11.918,12.152,12.262,12.12,12.262,1.209,3
SUMN.Inlet.CCCGIS.13029,prf,,1581169.518,5175396.384,9.926,12.147,11.619,11.437,11.406,11.392,11.136,,,,,,12.147,2.222,"""0.5"""
SUMN.Access.CCCGIS.10917,prf,,1580664.769,5174941.56,10.494,11.996,11.766,11.962,11.951,11.89,11.645,,,,,,11.996,1.502,"""0.5"""
SUMN.SUMNSTM 1095.9,res11,,1580383.75,5174837.5,11.107,,,,,,,12.231,11.928,12.153,12.262,12.121,12.262,1.156,3
SUMN.Inlet.CCCGIS.13049,prf,,1581036.714,5175504.118,10.091,11.991,11.205,11.461,11.558,11.513,11.124,,,,,,11.991,1.9,"""0.5"""
SUMN.Inlet.CCCGIS.13052,prf,,1581022.274,5175515.812,10.109,11.99,11.187,11.492,11.561,11.526,11.137,,,,,,11.99,1.881,"""0.5"""
SUMN.Inlet.CCCGIS.28529,prf,,1580502.314,5175935.862,10.82,12.003,11.905,11.917,11.891,11.882,11.666,,,,,,12.003,1.183,"""0.5"""
SUMN.Outlet.CCCGIS.11535,prf,,1580668.274,5176161.748,10.0,12.149,10.762,10.762,10.76,10.762,10.849,,,,,,12.149,2.149,"""0.5"""
SUMN.SUMNSTM 241.5,res11,,1580015.0,5174249.5,19.441,,,,,,,20.298,19.996,20.357,20.344,20.156,20.357,0.916,2
SUMN.SUMNSTM 1716.4,res11,,1580942.5,5174973.0,10.25,,,,,,,11.77,11.483,11.426,11.739,11.791,11.791,1.541,3$
SUMN.Inlet.CCCGIS.13073,prf,,1580154.212,5174517.896,12.601,13.722,13.736,13.616,13.512,13.131,12.78,,,,,,13.736,1.135,
SUMN.SUMNSTM 1475.1,res11,,1580735.5,5174856.0,10.57,,,,,,,12.027,11.669,11.851,12.036,11.969,12.036,1.466,3
SUMN.SUMNSTM 2302.7,res11,,1581304.375,5175382.5,9.732,,,,,,,11.442,11.118,11.072,11.386,11.497,11.497,1.765,3$
SUMN.RICHMONW 204.0,res11,,1580372.25,5176018.5,10.49,,,,,,,12.411,11.535,12.478,12.442,12.319,12.478,1.988,2
SUMN.Junction.CCCGIS.5194,prf,,1580578.265,5175012.225,10.766,12.017,11.765,11.959,11.943,11.884,11.643,,,,,,12.017,1.251,"""0.5"""
SUMN.FINNPL 140.0,res11,,1580289.875,5174843.5,11.574,,,,,,,12.294,12.014,12.251,12.316,12.215,12.316,0.742,3
SUMN.SUMNSTM 2120.0,res11,,1581172.125,5175291.5,9.972,,,,,,,11.587,11.285,11.231,11.552,11.626,11.626,1.654,3$
SUMN.Outlet.CCCGIS.1932,prf,,1580239.923,5176386.278,10.638,12.148,11.267,11.227,11.225,11.223,11.219,,,,,,12.148,1.51,"""0.5"""
SUMN.Junction.CCCGIS.3143,prf,,1580452.412,5176132.898,9.29,12.225,11.444,11.426,11.278,11.3,11.081,,,,,,12.225,2.935,"""0.5"""
SUMN.Access.CCCGIS.10946,prf,,1580965.365,5175560.249,10.179,11.992,11.187,11.503,11.553,11.509,11.117,,,,,,11.992,1.813,"""0.5"""
SUMN.SUMNSTM 2150.2,res11,,1581191.375,5175314.5,9.927,,,,,,,11.585,11.263,11.204,11.549,11.624,11.624,1.697,3$
SUMN.Access.CCCGIS.15579,prf,,1580740.919,5175177.558,9.812,12.188,11.901,11.808,11.873,11.811,11.521,,,,,,12.188,2.376,"""0.5"""
SUMN.Access.CCCGIS.10885,prf,,1580431.283,5175132.411,11.239,12.698,11.813,11.951,11.935,11.877,11.651,,,,,,12.698,1.459,"""0.5"""
SUMN.ARNSTDR 45.0,res11,,1580964.125,5174902.5,12.073,,,,,,,12.33,12.24,12.402,12.346,12.285,12.402,0.329,2
SUMN.SUMNSTM 1068.7,res11,,1580362.5,5174855.0,11.16,,,,,,,12.231,11.933,12.152,12.262,12.121,12.262,1.102,3
SUMN.SUMNSTM 2171.4,res11,,1581204.75,5175331.0,9.91,,,,,,,11.582,11.246,11.184,11.544,11.622,11.622,1.712,3$
SUMN.Inlet.CCCGIS.40747,prf,,1580341.367,5174531.454,14.246,14.25,14.25,14.25,14.25,14.25,14.25,,,,,,14.25,0.004,
SUMN.SUMNSTM 553.4,res11,,1580226.25,5174477.0,12.648,,,,,,,13.961,13.605,13.999,13.999,13.833,13.999,1.351,2
SUMN.SUMNSTM 790.0,res11,,1580290.625,5174671.5,11.22,,,,,,,12.564,12.295,12.587,12.611,12.451,12.611,1.39,3
SUMN.Access.CCCGIS.18003,prf,,1580674.896,5175795.979,10.467,11.955,11.574,11.745,11.694,11.604,11.519,,,,,,11.955,1.488,"""0.5"""
SUMN.SUMNVALE 230.0,res11,,1580051.375,5174357.5,17.499,,,,,,,18.081,17.885,18.152,18.116,17.991,18.152,0.653,2
SUMN.SUMNSTM 914.0,res11,,1580300.625,5174795.5,11.2,,,,,,,12.593,12.178,12.578,12.647,12.419,12.647,1.447,3
SUMN.ARNSTDR 15.0,res11,,1580962.375,5174871.5,13.088,,,,,,,13.269,13.225,13.294,13.277,13.24,13.294,0.206,2
SUMN.SUMNSTM 593.4,res11,,1580253.875,5174506.0,12.409,,,,,,,13.606,13.195,13.675,13.668,13.426,13.675,1.266,2
SUMN.SUMNSTM 1027.8,res11,,1580330.625,5174880.5,11.24,,,,,,,12.229,11.936,12.15,12.262,12.119,12.262,1.022,3
SUMN.SUMNSTM 1698.7,res11,,1580929.25,5174961.5,10.25,,,,,,,,,,,,,,
SUMN.Junction.CCCGIS.3434,prf,,1580521.094,5175920.7,10.963,11.986,11.873,11.897,11.865,11.857,11.692,,,,,,11.986,1.024,"""0.5"""
SUMN.Access.CCCGIS.10943,prf,,1580963.232,5174942.8,10.308,12.071,11.634,11.783,11.821,11.8,11.576,,,,,,12.071,1.763,"""0.5"""
SUMN.Inlet.CCCGIS.13056,prf,,1580614.216,5174585.82,17.917,17.921,17.921,17.921,17.921,17.921,17.921,,,,,,17.921,0.004,"""0.5"""
SUMN.SUMNSTM 2001.6,res11,,1581099.125,5175199.5,10.08,,,,,,,11.626,11.352,11.311,11.599,11.663,11.663,1.583,3$
SUMN.FINNPL 148.6,res11,,1580296.5,5174838.5,11.387,,,,,,,12.293,12.014,12.251,12.313,12.215,12.313,0.926,3
SUMN.SUMNSTM 2061.5,res11,,1581139.625,5175243.0,10.05,,,,,,,11.599,11.323,11.272,11.569,11.635,11.635,1.585,3$
SUMN.SUMNSTM 856.1,res11,,1580296.0,5174737.5,11.183,,,,,,,12.41,12.12,12.379,12.453,12.291,12.453,1.27,3
SUMN.SUMNSTM 2383.8,res11,,1581371.75,5175404.5,9.773,,,,,,,11.227,11.021,10.985,11.164,11.301,11.301,1.528,3$
SUMN.SUMNSTM 1357.0,res11,,1580618.125,5174847.0,10.84,,,,,,,12.092,11.72,11.896,12.112,11.973,12.112,1.272,3
SUMN.SUMNSTM 1868.4,res11,,1581003.125,5175108.5,10.25,,,,,,,11.804,11.456,11.448,11.769,11.808,11.808,1.558,3$
SUMN.Inlet.CCCGIS.28513,prf,,1580339.523,5176212.31,10.845,12.231,12.046,12.033,11.912,11.797,11.611,,,,,,12.231,1.386,"""0.5"""
SUMN.ARNSTDR 72.0,res11,,1580965.75,5174930.0,10.56,,,,,,,11.871,11.704,11.896,11.876,11.865,11.896,1.336,2
SUMN.SUMNSTM 484.6,res11,,1580183.0,5174425.0,13.524,,,,,,,14.537,14.258,14.661,14.602,14.389,14.661,1.137,2
SUMN.SUMNSTM 1136.8,res11,,1580415.5,5174812.0,11.027,,,,,,,12.23,11.91,12.151,12.262,12.118,12.262,1.235,3
SUMN.Access.CCCGIS.10915,prf,,1580634.168,5174633.252,11.255,12.406,12.158,12.314,12.249,12.141,11.918,,,,,,12.406,1.151,"""0.5"""
SUMN.HEBER10 0.0,res11,,1580398.625,5174759.5,11.38,,,,,,,12.243,11.903,12.169,12.278,12.123,12.278,0.898,3
SUMN.SUMNSTM 750.0,res11,,1580287.375,5174632.0,11.322,,,,,,,12.814,12.466,12.868,12.869,12.697,12.869,1.546,3
SUMN.Access.CCCGIS.10978,prf,,1581467.156,5175538.726,7.94,12.202,11.498,11.354,10.867,10.844,10.905,,,,,,12.202,4.262,"""0.5"""
SUMN.Outlet.CCCGIS.4288,prf,,1580203.026,5174749.389,12.802,13.102,13.227,13.152,13.125,13.101,13.062,,,,,,13.227,0.425,
SUMN.Access.CCCGIS.10876,prf,,1580382.857,5176036.11,9.553,12.309,12.258,12.2,12.096,12.051,11.443,,,,,,12.309,2.756,"""0.5"""
SUMN.SUMNSTM 464.6,res11,,1580168.375,5174411.0,13.611,,,,,,,14.891,14.635,14.995,14.953,14.755,14.995,1.384,2
SUMN.SUMNSTM 1426.2,res11,,1580686.875,5174853.0,10.738,,,,,,,11.998,11.682,11.841,12.006,11.942,12.006,1.268,3
SUMN.FINNPL 67.9,res11,,1580240.625,5174808.5,12.441,,,,,,,12.831,12.783,12.874,12.836,12.808,12.874,0.433,2
SUMN.SUMNSTM 311.5,res11,,1580063.5,5174300.0,17.411,,,,,,,18.303,18.004,18.354,18.349,18.166,18.354,0.943,2
SUMN.SUMNSTM 189.5,res11,,1579976.25,5174215.0,21.114,,,,,,,21.929,21.632,22.0,21.977,21.792,22.0,0.886,2
SUMN.SUMNVALE 280.0,res11,,1580092.375,5174329.0,16.303,,,,,,,18.032,17.762,18.092,18.059,17.899,18.092,1.789,2
SUMN.SUMNSTM 603.4,res11,,1580260.75,5174513.0,12.37,,,,,,,13.571,13.112,13.638,13.634,13.373,13.638,1.268,2
SUMN.SUMNSTM 1289.0,res11,,1580550.375,5174844.5,10.82,,,,,,,12.201,11.852,12.105,12.232,12.083,12.232,1.412,3
SUMN.SUMNSTM 410.8,res11,,1580131.625,5174372.0,14.812,,,,,,,15.591,15.403,15.682,15.646,15.478,15.682,0.87,2
SUMN.SUMNSTM 1777.4,res11,,1580965.375,5175028.5,10.25,,,,,,,11.801,11.495,11.485,11.769,11.812,11.812,1.562,3$
SUMN.Inlet.CCCGIS.40746,prf,,1580324.283,5174555.79,12.78,13.247,13.456,13.332,13.229,12.853,12.784,,,,,,13.456,0.676,
SUMN.Access.CCCGIS.10899,prf,,1580514.791,5175064.282,11.05,12.215,11.788,11.951,11.935,11.878,11.653,,,,,,12.215,1.165,"""0.5"""
SUMN.RICHMONW 121.3,res11,,1580335.625,5175947.0,13.06,,,,,,,13.916,13.718,14.026,13.934,13.826,14.026,0.966,2
SUMN.SUMNSTM 420.8,res11,,1580138.375,5174379.5,14.53,,,,,,,15.321,15.14,15.397,15.374,15.215,15.397,0.867,2
SUMN.FINNPL 12.4,res11,,1580211.375,5174761.5,12.835,,,,,,,13.093,13.01,13.167,13.104,13.053,13.167,0.332,2
SUMN.SUMNSTM 1963.2,res11,,1581068.25,5175177.0,10.135,,,,,,,11.662,11.377,11.34,11.632,11.693,11.693,1.558,3$
SUMN.Access.CCCGIS.10874,prf,,1580373.997,5176043.356,9.665,12.336,12.254,12.201,12.101,12.052,11.452,,,,,,12.336,2.671,"""0.5"""
SUMN.SUMNSTM 19.3,res11,,1579897.125,5174070.0,27.51,,,,,,,28.057,27.605,28.196,28.145,27.863,28.196,0.686,2
SUMN.Access.CCCGIS.10910,prf,,1580594.771,5174602.184,12.167,12.764,12.172,12.267,12.247,12.181,12.175,,,,,,12.764,0.596,"""0.5"""
SUMN.SUMNSTM 39.3,res11,,1579902.75,5174089.0,26.478,,,,,,,27.743,27.181,27.905,27.849,27.506,27.905,1.427,2
SUMN.Inlet.CCCGIS.13257,prf,,1581009.274,5175499.365,10.124,11.996,11.196,11.498,11.558,11.526,11.142,,,,,,11.996,1.872,"""0.5"""
SUMN.WIGGINS 73.4,res11,,1581173.875,5175240.0,10.475,,,,,,,11.595,11.315,11.275,11.564,11.634,11.634,1.159,3$
SUMN.SUMNSTM 1944.0,res11,,1581052.75,5175165.5,10.163,,,,,,,11.674,11.386,11.348,11.643,11.702,11.702,1.539,3$
SUMN.SUMNSTM 2485.4,res11,,1581437.5,5175482.0,9.72,,,,,,,10.97,10.938,10.855,10.934,11.033,11.033,1.313,3$
SUMN.Inlet.CCCGIS.47180,prf,,1580397.471,5175157.253,11.882,13.381,11.883,11.951,11.935,11.885,11.883,,,,,,13.381,1.499,"""0.5"""
SUMN.RICHMONW 175.0,res11,,1580356.75,5175995.0,11.2,,,,,,,12.463,11.668,12.544,12.495,12.352,12.544,1.344,2
SUMN.Junction.CCCGIS.3432,prf,,1580322.388,5176101.721,11.84,12.404,12.266,12.2,12.093,12.053,11.849,,,,,,12.404,0.564,"""0.5"""
SUMN.Access.CCCGIS.10835,prf,,1580227.371,5174699.222,11.732,12.295,12.489,12.492,12.48,12.447,12.34,,,,,,12.492,0.76,0.5
SUMN.RICHMONW 80.0,res11,,1580314.625,5175911.5,14.36,,,,,,,15.457,15.169,15.514,15.48,15.357,15.514,1.154,2
SUMN.SUMNSTM 1663.4,res11,,1580899.5,5174943.0,10.25,,,,,,,11.865,11.535,11.555,11.837,11.85,11.865,1.615,A0.5
SUMN.WIGGINS 102.8,res11,,1581151.0,5175258.5,10.4,,,,,,,11.595,11.314,11.262,11.564,11.632,11.632,1.232,3$
SUMN.ARNSTDR 25.0,res11,,1580963.0,5174882.0,12.605,,,,,,,12.795,12.726,12.85,12.815,12.755,12.85,0.245,2
SUMN.SUMNSTM 454.6,res11,,1580161.25,5174404.0,13.992,,,,,,,14.935,14.69,15.037,14.998,14.806,15.037,1.045,2
SUMN.FINNPL 125.0,res11,,1580276.5,5174849.0,11.9,,,,,,,12.296,12.052,12.251,12.316,12.22,12.316,0.416,3
SUMN.HEBER10 11.0,res11,,1580405.625,5174768.0,11.31,,,,,,,12.243,11.902,12.168,12.278,12.123,12.278,0.968,3
SUMN.SUMNVALE 110.0,res11,,1579961.25,5174326.5,20.136,,,,,,,20.278,20.192,20.316,20.284,20.248,20.316,0.18,2
SUMN.SUMNSTM 353.0,res11,,1580092.875,5174329.5,16.303,,,,,,,18.032,17.762,18.092,18.059,17.899,18.092,1.789,2
SUMN.Junction.CCCGIS.1417,prf,,1580693.338,5175056.185,8.613,12.806,27.421,12.391,12.238,12.024,11.456,,,,,,27.421,18.808,
SUMN.Access.CCCGIS.16502,prf,,1580592.556,5176088.188,9.507,12.322,11.201,11.183,11.174,11.168,10.976,,,,,,12.322,2.815,"""0.5"""
SUMN.SUMNSTM 89.3,res11,,1579921.625,5174133.0,24.21,,,,,,,25.628,25.011,25.774,25.726,25.354,25.774,1.564,2
SUMN.Access.CCCGIS.10824,prf,,1580190.292,5176337.301,12.123,12.248,12.142,12.142,12.142,12.142,12.142,,,,,,12.248,0.125,"""0.5"""
SUMN.SUMNSTM 1645.7,res11,,1580882.625,5174937.5,10.25,,,,,,,11.885,11.551,11.589,11.858,11.864,11.885,1.635,A0.5
SUMN.Access.CCCGIS.10888,prf,,1580450.841,5175116.415,11.19,12.593,11.81,11.952,11.935,11.877,11.651,,,,,,12.593,1.403,"""0.5"""
SUMN.Inlet.CCCGIS.28527,prf,,1580467.771,5175963.851,10.557,12.014,11.98,11.97,11.96,11.928,11.618,,,,,,12.014,1.456,"""0.5"""
SUMN.Inlet.CCCGIS.40750,prf,,1580319.852,5174588.71,11.654,13.197,13.326,13.128,13.072,12.712,11.657,,,,,,13.326,1.672,
SUMN.RICHMONW 213.7,res11,,1580379.25,5176025.0,10.03,,,,,,,12.426,11.527,12.505,12.46,12.313,12.505,2.475,2
SUMN.Junction.CCCGIS.5280,prf,,1580543.18,5174579.874,12.073,12.894,12.186,12.263,12.235,12.202,12.202,,,,,,12.894,0.821,"""0.5"""
SUMN.SUMNSTM 780.0,res11,,1580289.875,5174661.5,11.226,,,,,,,12.579,12.33,12.606,12.626,12.462,12.626,1.4,3
SUMN.Inlet.CCCGIS.28523,prf,,1580431.901,5175996.652,10.27,12.034,12.056,12.041,12.015,11.976,11.538,,,,,,12.056,1.786,
SUMN.Inlet.CCCGIS.28524,prf,,1580450.37,5175980.277,10.416,12.017,12.044,12.029,12.006,11.988,11.598,,,,,,12.044,1.628,
SUMN.SUMNSTM 1842.0,res11,,1580986.0,5175088.5,10.25,,,,,,,11.79,11.459,11.445,11.756,11.802,11.802,1.552,3$
SUMN.SUMNSTM 1768.0,res11,,1580961.875,5175019.5,10.2,,,,,,,11.788,11.49,11.47,11.757,11.803,11.803,1.603,3$
SUMN.SUMNSTM 1275.8,res11,,1580537.375,5174842.5,10.87,,,,,,,12.201,11.854,12.105,12.23,12.083,12.23,1.36,3
SUMN.Access.CCCGIS.10940,prf,,1580915.427,5175600.84,10.241,11.99,11.183,11.512,11.555,11.504,11.103,,,,,,11.99,1.749,"""0.5"""
SUMN.SUMNVALE 180.0,res11,,1580008.875,5174377.5,18.329,,,,,,,18.821,18.685,18.789,18.82,18.788,18.821,0.492,A0.5
SUMN.SUMNSTM 301.5,res11,,1580056.5,5174293.0,17.653,,,,,,,18.582,18.275,18.629,18.629,18.442,18.629,0.976,2
SUMN.WIGGINS 43.5,res11,,1581192.0,5175220.0,10.545,,,,,,,11.595,11.317,11.423,11.565,11.637,11.637,1.092,3$
SUMN.SUMNSTM 1530.8,res11,,1580784.625,5174880.0,10.383,,,,,,,11.955,11.627,11.734,11.949,11.911,11.955,1.572,A0.5
SUMN.Access.CCCGIS.10975,prf,,1581423.343,5175491.718,7.961,12.27,11.559,11.419,10.948,10.982,10.985,,,,,,12.27,4.309,"""0.5"""
SUMN.Access.CCCGIS.10941,prf,,1580928.203,5175745.869,9.45,12.001,10.908,10.957,10.97,10.961,10.963,,,,,,12.001,2.551,"""0.5"""
SUMN.WIGGINS 33.9,res11,,1581188.875,5175210.5,10.96,,,,,,,11.595,11.32,11.505,11.565,11.638,11.638,0.678,3$
SUMN.SUMNSTM 49.3,res11,,1579910.0,5174096.0,26.229,,,,,,,27.298,26.834,27.43,27.385,27.103,27.43,1.201,2
SUMN.Access.CCCGIS.10944,prf,,1580965.435,5175149.415,8.251,12.56,12.298,11.863,11.678,11.561,11.275,,,,,,12.56,4.309,"""0.5"""
SUMN.SUMNSTM 740.0,res11,,1580286.625,5174622.0,11.411,,,,,,,12.975,12.578,13.029,13.028,12.835,13.029,1.618,2
SUMN.Inlet.CCCGIS.28538,prf,,1580403.918,5176032.821,9.461,12.242,12.056,12.012,11.876,11.854,11.316,,,,,,12.242,2.781,"""0.5"""
SUMN.Inlet.CCCGIS.33773,prf,,1580408.225,5176155.672,10.3,12.13,11.687,11.752,11.68,11.629,10.643,,,,,,12.13,1.83,"""0.5"""
SUMN.SUMNVALE 10.0,res11,,1579890.875,5174261.5,24.089,,,,,,,24.099,24.099,24.099,24.099,24.099,24.099,0.01,2
SUMN.SUMNSTM 770.0,res11,,1580289.0,5174651.5,11.232,,,,,,,12.634,12.37,12.671,12.682,12.513,12.682,1.45,3
SUMN.HEBER10 22.0,res11,,1580412.625,5174776.5,11.24,,,,,,,12.239,11.9,12.163,12.274,12.12,12.274,1.034,3
SUMN.SUMNSTM 1982.4,res11,,1581083.625,5175188.0,10.108,,,,,,,11.646,11.366,11.328,11.618,11.681,11.681,1.573,3$
SUMN.SUMNSTM 29.3,res11,,1579900.0,5174079.5,27.016,,,,,,,27.994,27.526,28.141,28.088,27.787,28.141,1.125,2
SUMN.SUMNSTM 1820.1,res11,,1580975.75,5175069.5,10.25,,,,,,,11.777,11.456,11.425,11.744,11.792,11.792,1.542,3$
SUMN.RICHMONW 107.5,res11,,1580328.625,5175935.0,13.493,,,,,,,14.343,14.118,14.432,14.359,14.238,14.432,0.939,2
SUMN.SUMNSTM 563.4,res11,,1580233.25,5174484.0,12.611,,,,,,,13.82,13.497,13.864,13.872,13.692,13.872,1.261,3
SUMN.SUMNSTM 2130.9,res11,,1581179.125,5175300.0,9.962,,,,,,,11.587,11.278,11.222,11.551,11.625,11.625,1.663,3$
SUMN.SUMNSTM 209.5,res11,,1579991.75,5174227.5,20.655,,,,,,,21.313,21.07,21.366,21.351,21.199,21.366,0.711,2
SUMN.FINNPL 32.4,res11,,1580219.625,5174780.0,12.669,,,,,,,12.939,12.842,13.011,12.948,12.899,13.011,0.342,2
SUMN.RICHMONW 0.0,res11,,1580272.25,5175843.5,15.91,,,,,,,16.558,15.936,16.652,16.6,16.371,16.652,0.742,2
SUMN.Junction.CCCGIS.4713,prf,,1580313.797,5174589.848,9.8,13.191,13.325,13.129,13.072,12.712,11.632,,,,,,13.325,3.525,
SUMN.Access.CCCGIS.10857,prf,,1580314.747,5174568.727,11.78,13.245,13.499,13.333,13.23,12.849,12.01,,,,,,13.499,1.719,
SUMN.Outlet.CCCGIS.2802,prf,,1580430.133,5174797.39,11.04,12.065,12.148,12.228,12.161,12.08,11.9,,,,,,12.228,1.188,0.5
SUMN.WIGGINS 0.0,res11,,1581179.875,5175178.0,11.313,,,,,,,11.723,11.539,11.882,11.756,11.656,11.882,0.569,2
SUMN.Junction.CCCGIS.2566,prf,,1581105.7,5175280.776,8.104,12.445,12.067,11.677,11.436,11.37,11.18,,,,,,12.445,4.342,"""0.5"""
SUMN.SUMNSTM 677.3,res11,,1580309.25,5174568.5,9.895,,,,,,,13.389,11.693,13.487,13.484,13.133,13.487,3.592,2
SUMN.SUMNSTM 1001.8,res11,,1580308.25,5174883.0,11.07,,,,,,,12.284,11.987,12.238,12.304,12.199,12.304,1.234,3
SUMN.SUMNSTM 1734.9,res11,,1580949.75,5174989.5,10.25,,,,,,,11.787,11.493,11.471,11.755,11.802,11.802,1.552,3$
SUMN.SUMNSTM 573.4,res11,,1580240.125,5174491.5,12.552,,,,,,,13.723,13.39,13.78,13.79,13.577,13.79,1.238,3
SUMN.Junction.CCCGIS.4519,prf,,1580854.797,5175084.796,8.194,12.695,12.502,12.14,11.99,11.809,11.387,,,,,,12.695,4.501,"""0.5"""
SUMN.SUMNSTM 1758.0,res11,,1580957.5,5175010.5,10.2,,,,,,,11.789,11.492,11.474,11.757,11.804,11.804,1.604,3$
SUMN.Outlet.CCCGIS.1925,prf,,1580606.886,5176250.266,9.23,12.15,10.774,10.775,10.762,10.771,10.856,,,,,,12.15,2.92,"""0.5"""
SUMN.RICHMONW 40.0,res11,,1580293.625,5175877.5,15.13,,,,,,,16.558,15.861,16.651,16.6,16.363,16.651,1.521,2
SUMN.Access.CCCGIS.10939,prf,,1580864.732,5175667.499,9.682,12.006,11.057,11.207,11.219,11.195,11.001,,,,,,12.006,2.324,"""0.5"""
SUMN.SUMNSTM 888.3,res11,,1580298.625,5174769.5,11.181,,,,,,,12.323,12.108,12.269,12.363,12.188,12.363,1.182,3
SUMN.Access.CCCGIS.10863,prf,,1580323.107,5176111.099,10.995,12.431,12.266,12.2,12.094,12.054,11.849,,,,,,12.431,1.436,"""0.5"""
SUMN.Access.CCCGIS.15581,prf,,1580720.08,5175194.448,9.82,12.188,11.9,11.808,11.852,11.809,11.511,,,,,,12.188,2.368,"""0.5"""
SUMN.Inlet.CCCGIS.34746,prf,,1580619.643,5175287.626,10.33,12.188,11.881,11.81,11.855,11.811,11.514,,,,,,12.188,1.858,"""0.5"""
SUMN.SUMNSTM 2270.3,res11,,1581273.125,5175390.5,9.764,,,,,,,11.462,11.159,11.101,11.412,11.513,11.513,1.749,3$
SUMN.SUMNVALE 40.0,res11,,1579915.25,5174274.0,22.362,,,,,,,22.727,22.568,22.91,22.757,22.654,22.91,0.548,2
SUMN.RICHMONW 93.8,res11,,1580321.625,5175923.0,13.926,,,,,,,14.898,14.669,14.972,14.926,14.814,14.972,1.046,2
SUMN.FINNPL 83.4,res11,,1580248.375,5174822.0,12.32,,,,,,,12.827,12.786,12.863,12.83,12.809,12.863,0.543,2
SUMN.Outlet.CCCGIS.1902,prf,,1581490.112,5175576.609,7.924,12.17,10.894,10.752,10.778,10.786,10.87,,,,,,12.17,4.246,"""0.5"""
SUMN.SUMNSTM 543.4,res11,,1580219.375,5174469.5,12.781,,,,,,,14.002,13.644,14.036,14.034,13.875,14.036,1.255,2
SUMN.SUMNSTM 1924.8,res11,,1581039.875,5175151.5,10.19,,,,,,,11.717,11.399,11.357,11.684,11.735,11.735,1.545,3$
SUMN.SUMNSTM 953.4,res11,,1580303.875,5174834.5,11.2,,,,,,,12.291,12.014,12.25,12.308,12.215,12.308,1.108,3
SUMN.Inlet.CCCGIS.22650,prf,,1580967.305,5174939.753,10.325,12.099,11.777,11.805,11.823,11.81,11.634,,,,,,12.099,1.775,"""0.5"""
SUMN.Access.CCCGIS.10906,prf,,1580572.169,5176232.754,9.23,12.331,10.932,10.934,10.828,10.884,10.911,,,,,,12.331,3.101,"""0.5"""
SUMN.Bend.CCCGIS.144,prf,,1580173.639,5176311.708,16.003,16.009,16.009,16.009,16.009,16.009,16.008,,,,,,16.009,0.006,"""0.5"""
SUMN.SUMNSTM 374.5,res11,,1580106.375,5174346.0,15.475,,,,,,,18.036,17.763,18.107,18.071,17.904,18.107,2.632,2
SUMN.RICHMONW 13.3,res11,,1580279.375,5175855.0,15.65,,,,,,,16.559,15.859,16.651,16.599,16.364,16.651,1.001,2
SUMN.SUMNSTM 1462.8,res11,,1580723.25,5174856.5,10.612,,,,,,,12.011,11.673,11.85,12.017,11.959,12.017,1.405,3
SUMN.Inlet.CCCGIS.34751,prf,,1580572.432,5175326.031,10.68,12.188,11.949,11.809,11.853,11.81,11.515,,,,,,12.188,1.508,"""0.5"""
SUMN.Access.CCCGIS.10828,prf,,1580202.686,5176355.594,10.988,12.222,11.306,11.271,11.266,11.254,11.251,,,,,,12.222,1.234,"""0.5"""
SUMN.Inlet.CCCGIS.28521,prf,,1580412.322,5176014.122,10.115,12.088,12.097,12.094,12.034,11.998,11.503,,,,,,12.097,1.982,
SUMN.SUMNSTM 1180.0,res11,,1580445.75,5174819.0,10.941,,,,,,,12.21,11.88,12.126,12.239,12.099,12.239,1.298,3
SUMN.SUMNSTM 169.3,res11,,1579962.875,5174200.0,22.352,,,,,,,23.122,22.928,23.157,23.142,23.035,23.157,0.805,2
SUMN.Inlet.CCCGIS.34748,prf,,1580601.615,5175302.393,10.39,12.188,11.875,11.81,11.855,11.812,11.515,,,,,,12.188,1.798,"""0.5"""
SUMN.Access.CCCGIS.10823,prf,,1580188.243,5174722.237,12.802,13.098,13.229,13.155,13.13,13.115,13.073,,,,,,13.229,0.427,
SUMN.SUMNSTM 2433.7,res11,,1581404.75,5175442.0,9.752,,,,,,,11.03,10.959,10.881,10.994,11.104,11.104,1.352,3$
SUMN.SUMNVALE 70.0,res11,,1579933.25,5174298.0,21.7,,,,,,,21.857,21.773,21.915,21.871,21.821,21.915,0.215,2
SUMN.SUMNSTM 901.1,res11,,1580299.625,5174782.5,11.19,,,,,,,12.422,12.148,12.382,12.454,12.313,12.454,1.264,3
SUMN.Access.CCCGIS.15307,prf,,1580419.211,5176166.196,10.241,12.13,11.646,11.752,11.68,11.629,10.643,,,,,,12.13,1.889,"""0.5"""
SUMN.SUMNSTM 215.5,res11,,1579996.375,5174231.5,20.091,,,,,,,21.059,20.743,21.118,21.105,20.904,21.118,1.027,2
SUMN.SUMNSTM 2181.4,res11,,1581211.0,5175339.0,9.91,,,,,,,11.578,11.239,11.175,11.54,11.621,11.621,1.711,3$
SUMN.Access.CCCGIS.10805,prf,,1580125.534,5174460.461,14.08,14.644,14.794,14.667,14.57,14.49,14.391,,,,,,14.794,0.714,
SUMN.SUMNSTM 725.9,res11,,1580288.25,5174607.5,11.61,,,,,,,13.025,12.619,13.077,13.076,12.879,13.077,1.467,2
SUMN.SUMNSTM 823.9,res11,,1580293.375,5174705.5,11.201,,,,,,,12.458,12.15,12.447,12.505,12.321,12.505,1.304,3
SUMN.SUMNSTM 231.5,res11,,1580008.0,5174242.5,19.841,,,,,,,20.578,20.308,20.632,20.62,20.452,20.632,0.791,2
SUMN.Access.CCCGIS.16504,prf,,1580657.543,5176153.611,8.8,12.232,10.986,10.997,10.992,10.989,10.91,,,,,,12.232,3.432,"""0.5"""
SUMN.FINNPL 120.9,res11,,1580272.375,5174848.5,11.981,,,,,,,12.298,12.085,12.251,12.318,12.224,12.318,0.337,3
SUMN.SUMNSTM 99.3,res11,,1579926.125,5174142.0,24.05,,,,,,,25.346,24.706,25.501,25.452,25.057,25.501,1.451,2
SUMN.SUMNSTM 69.3,res11,,1579913.375,5174115.0,25.358,,,,,,,26.521,26.011,26.65,26.606,26.295,26.65,1.292,2
SUMN.Inlet.CCCGIS.13095,prf,,1580661.366,5175108.696,10.531,12.478,12.658,12.0,11.929,11.855,11.558,,,,,,12.658,2.127,
SUMN.SUMNSTM 2254.2,res11,,1581257.5,5175394.5,9.78,,,,,,,11.472,11.177,11.117,11.424,11.521,11.521,1.741,3$
SUMN.Outlet.CCCGIS.1914,prf,,1580946.477,5175794.887,9.3,12.149,10.763,10.763,10.764,10.763,10.85,,,,,,12.149,2.849,"""0.5"""
SUMN.Access.CCCGIS.10947,prf,,1580970.099,5174990.013,10.3,12.011,11.471,11.785,11.819,11.782,11.518,,,,,,12.011,1.711,"""0.5"""
SUMN.SUMNSTM 1082.3,res11,,1580373.125,5174846.0,11.133,,,,,,,12.231,11.931,12.153,12.262,12.121,12.262,1.129,3
SUMN.Access.CCCGIS.10878,prf,,1580390.255,5176045.795,9.435,12.261,12.048,12.0,11.868,11.848,11.337,,,,,,12.261,2.826,"""0.5"""
SUMN.Junction.CCCGIS.3464,prf,,1581014.201,5175120.589,10.317,11.991,11.448,11.804,11.831,11.78,11.456,,,,,,11.991,1.674,"""0.5"""
SUMN.Outlet.CCCGIS.6684,prf,,1580438.114,5176213.062,10.033,12.13,11.609,11.752,11.68,11.629,10.644,,,,,,12.13,2.097,"""0.5"""
SUMN.Inlet.CCCGIS.47337,prf,,1580568.86,5174590.262,12.057,12.829,12.186,12.261,12.238,12.202,12.202,,,,,,12.829,0.772,"""0.5"""
SUMN.Access.CCCGIS.10834,prf,,1580217.479,5176372.488,10.79,12.229,11.301,11.263,11.253,11.244,11.241,,,,,,12.229,1.439,"""0.5"""
SUMN.SUMNSTM 811.0,res11,,1580292.375,5174692.5,11.208,,,,,,,12.482,12.189,12.481,12.533,12.33,12.533,1.325,3
SUMN.SUMNSTM 613.4,res11,,1580267.75,5174520.5,12.31,,,,,,,13.534,13.049,13.596,13.595,13.339,13.596,1.286,2
SUMN.SUMNVALE 270.0,res11,,1580084.125,5174334.5,16.717,,,,,,,18.025,17.761,18.088,18.056,17.896,18.088,1.371,2
SUMN.SUMNVALE 210.0,res11,,1580034.625,5174368.5,17.651,,,,,,,18.171,17.922,18.237,18.217,18.061,18.237,0.586,2
SUMN.SUMNSTM 623.4,res11,,1580274.625,5174527.5,12.277,,,,,,,13.518,12.956,13.582,13.583,13.313,13.583,1.306,3
SUMN.Access.CCCGIS.15582,prf,,1580640.746,5175258.614,10.202,12.188,11.89,11.809,11.854,11.81,11.514,,,,,,12.188,1.986,"""0.5"""
SUMN.Junction.CCCGIS.3445,prf,,1580449.91,5176111.693,9.302,12.233,11.61,11.584,11.435,11.442,11.141,,,,,,12.233,2.931,"""0.5"""
SUMN.Inlet.CCCGIS.13123,prf,,1580864.583,5175642.134,10.305,11.972,11.213,11.525,11.558,11.52,11.109,,,,,,11.972,1.668,"""0.5"""
SUMN.Access.CCCGIS.10942,prf,,1580932.807,5175175.706,8.187,12.604,12.392,11.934,11.78,11.639,11.31,,,,,,12.604,4.417,"""0.5"""
SUMN.ARNSTDR 0.0,res11,,1580961.5,5174856.5,13.571,,,,,,,13.728,13.641,13.776,13.735,13.671,13.776,0.205,2
SUMN.SUMNSTM 1516.4,res11,,1580772.0,5174873.5,10.4,,,,,,,11.967,11.639,11.761,11.968,11.918,11.968,1.568,3
SUMN.SUMNVALE 60.0,res11,,1579927.25,5174290.0,22.3,,,,,,,22.498,22.401,22.549,22.509,22.461,22.549,0.249,2
SUMN.Access.CCCGIS.10958,prf,,1581186.809,5175381.22,8.061,12.391,11.956,11.613,11.316,11.275,11.133,,,,,,12.391,4.331,"""0.5"""
SUMN.Access.CCCGIS.10964,prf,,1581291.527,5175508.301,8.005,12.342,11.947,11.468,11.167,11.152,11.071,,,,,,12.342,4.337,"""0.5"""
SUMN.Access.CCCGIS.16501,prf,,1580539.384,5175937.455,9.665,12.214,11.631,11.565,11.502,11.492,11.129,,,,,,12.214,2.549,"""0.5"""
SUMN.SUMNSTM 2367.2,res11,,1581359.75,5175393.0,9.78,,,,,,,11.253,11.044,11.014,11.199,11.325,11.325,1.545,3$
SUMN.SUMNSTM 681.4,res11,,1580312.0,5174571.5,9.89,,,,,,,13.335,11.677,13.513,13.444,13.091,13.513,3.623,2
SUMN.SUMNSTM 1248.1,res11,,1580510.0,5174837.0,10.73,,,,,,,12.207,11.87,12.118,12.236,12.093,12.236,1.506,3
SUMN.Junction.CCCGIS.2806,prf,,1580759.834,5174864.588,10.375,11.993,11.761,11.967,11.955,11.893,11.638,,,,,,11.993,1.618,"""0.5"""
SUMN.Outlet.CCCGIS.1938,prf,,1580175.453,5174421.086,13.87,14.511,14.661,14.534,14.432,14.352,14.258,,,,,,14.661,0.791,
SUMN.SUMNSTM 221.5,res11,,1580000.875,5174235.5,20.075,,,,,,,20.884,20.599,20.938,20.927,20.751,20.938,0.863,2
SUMN.Junction.CCCGIS.5278,prf,,1581360.054,5175499.68,7.982,12.302,11.791,11.469,11.037,11.055,11.023,,,,,,12.302,4.32,"""0.5"""
SUMN.SUMNSTM 271.4,res11,,1580035.5,5174271.0,18.88,,,,,,,19.624,19.352,19.67,19.665,19.493,19.67,0.79,2
SUMN.SUMNSTM 1681.1,res11,,1580915.0,5174951.0,10.25,,,,,,,11.832,11.516,11.518,11.803,11.827,11.832,1.582,A0.5
SUMN.Inlet.CCCGIS.13045,prf,,1581186.517,5175397.597,9.918,12.02,11.455,11.182,11.466,11.465,11.152,,,,,,12.02,2.102,"""0.5"""
SUMN.SUMNSTM 179.3,res11,,1579968.625,5174208.0,22.298,,,,,,,22.818,22.661,22.853,22.839,22.751,22.853,0.555,2
SUMN.SUMNSTM 2140.0,res11,,1581184.875,5175307.0,9.946,,,,,,,11.586,11.271,11.214,11.551,11.625,11.625,1.679,3$
SUMN.Access.CCCGIS.10893,prf,,1580493.776,5176091.835,10.631,12.051,11.667,11.697,11.582,11.563,11.181,,,,,,12.051,1.42,"""0.5"""
SUMN.Access.CCCGIS.13306,prf,,1580430.959,5176184.591,10.156,12.13,11.635,11.752,11.68,11.629,10.643,,,,,,12.13,1.974,"""0.5"""
SUMN.Access.CCCGIS.10871,prf,,1580355.039,5174508.441,15.572,15.575,15.575,15.575,15.575,15.575,15.575,,,,,,15.575,0.003,
SUMN.FINNPL 0.0,res11,,1580203.875,5174752.0,12.835,,,,,,,13.152,13.071,13.227,13.164,13.111,13.227,0.392,2
SUMN.ARNSTDR 5.0,res11,,1580961.75,5174861.5,13.571,,,,,,,13.706,13.633,13.768,13.725,13.687,13.768,0.197,2
SUMN.Access.CCCGIS.10882,prf,,1580410.891,5175148.822,11.417,12.806,11.815,11.951,11.935,11.877,11.651,,,,,,12.806,1.389,"""0.5"""
SUMN.SUMNSTM 368.3,res11,,1580102.5,5174341.0,15.759,,,,,,,18.035,17.762,18.102,18.067,17.903,18.102,2.343,2
SUMN.Access.CCCGIS.10949,prf,,1581002.341,5175152.776,8.159,12.518,12.189,11.785,11.586,11.49,11.241,,,,,,12.518,4.359,"""0.5"""
SUMN.Access.CCCGIS.16497,prf,,1580439.666,5175999.725,9.809,12.414,11.909,11.865,11.757,11.742,11.271,,,,,,12.414,2.605,"""0.5"""
SUMN.Access.CCCGIS.15576,prf,,1580849.335,5175089.347,9.487,12.282,11.994,11.792,11.884,11.81,11.506,,,,,,12.282,2.795,"""0.5"""
SUMN.Inlet.CCCGIS.13148,prf,,1580311.943,5175952.544,13.505,13.883,14.112,13.917,13.857,13.805,13.715,,,,,,14.112,0.607,
SUMN.SUMNSTM 1343.0,res11,,1580604.125,5174848.0,10.84,,,,,,,12.121,11.773,11.985,12.141,12.011,12.141,1.301,3
SUMN.Access.CCCGIS.10819,prf,,1580173.772,5174519.333,12.469,13.705,13.72,13.601,13.497,13.116,12.729,,,,,,13.72,1.251,
SUMN.SUMNSTM 640.3,res11,,1580284.125,5174541.5,11.988,,,,,,,13.476,12.864,13.543,13.543,13.259,13.543,1.555,3
SUMN.Junction.CCCGIS.1407,prf,,1580300.38,5174590.729,11.993,13.244,13.456,13.335,13.23,12.851,12.247,,,,,,13.456,1.463,
SUMN.SUMNSTM 1800.0,res11,,1580971.875,5175050.0,10.25,,,,,,,11.796,11.481,11.466,11.764,11.807,11.807,1.557,3$
SUMN.ARNSTDR 35.0,res11,,1580963.625,5174892.0,12.437,,,,,,,12.588,12.519,12.641,12.601,12.559,12.641,0.204,2
SUMN.Junction.CCCGIS.3433,prf,,1580387.82,5176035.596,9.449,12.268,12.182,12.128,12.025,11.98,11.409,,,,,,12.268,2.819,"""0.5"""
SUMN.SUMNSTM 494.6,res11,,1580190.375,5174431.5,13.415,,,,,,,14.384,14.101,14.506,14.451,14.245,14.506,1.091,2
SUMN.SUMNSTM 1545.2,res11,,1580797.25,5174887.0,10.367,,,,,,,11.947,11.616,11.718,11.936,11.905,11.947,1.58,A0.5
SUMN.WIGGINS 44.0,res11,,1581192.125,5175220.5,10.55,,,,,,,11.595,11.316,11.371,11.565,11.637,11.637,1.087,3$
SUMN.Inlet.CCCGIS.44756,prf,,1580379.257,5176025.195,10.03,12.329,12.505,12.425,12.348,12.282,11.511,,,,,,12.505,2.475,
SUMN.Inlet.CCCGIS.13138,prf,,1580700.625,5175798.8,10.58,11.998,11.553,11.697,11.655,11.574,11.423,,,,,,11.998,1.418,"""0.5"""
SUMN.SUMNSTM 321.5,res11,,1580070.375,5174307.0,17.171,,,,,,,18.09,17.812,18.154,18.134,17.963,18.154,0.983,2
SUMN.SUMNSTM 524.6,res11,,1580207.0,5174455.5,12.982,,,,,,,14.162,13.799,14.225,14.207,14.042,14.225,1.243,2
SUMN.HEBER10 52.1,res11,,1580429.875,5174800.0,11.0,,,,,,,12.226,11.893,12.146,12.258,12.111,12.258,1.258,3
SUMN.Outlet.CCCGIS.1905,prf,,1580288.23,5174607.299,11.99,13.244,13.493,13.339,13.235,12.856,12.258,,,,,,13.493,1.503,
SUMN.SUMNSTM 1055.0,res11,,1580352.0,5174863.5,11.187,,,,,,,12.231,11.934,12.152,12.263,12.12,12.263,1.076,3
SUMN.SUMNSTM 59.2,res11,,1579913.0,5174105.0,25.805,,,,,,,26.936,26.387,27.083,27.033,26.708,27.083,1.278,2
SUMN.SUMNSTM 79.3,res11,,1579917.125,5174124.0,24.966,,,,,,,26.105,25.518,26.234,26.187,25.825,26.234,1.268,2
SUMN.WIGGINS 58.7,res11,,1581185.25,5175230.5,10.512,,,,,,,11.595,11.315,11.319,11.564,11.636,11.636,1.123,3$
SUMN.SUMNSTM 119.3,res11,,1579934.625,5174160.0,23.451,,,,,,,24.899,24.26,25.042,24.995,24.632,25.042,1.591,2
SUMN.Access.CCCGIS.16500,prf,,1580547.351,5176010.995,9.608,12.209,11.485,11.414,11.376,11.367,11.068,,,,,,12.209,2.601,"""0.5"""
SUMN.SUMNSTM 1399.0,res11,,1580660.0,5174849.0,10.78,,,,,,,12.031,11.711,11.894,12.044,11.964,12.044,1.264,3
SUMN.SUMNSTM 1450.6,res11,,1580711.0,5174856.5,10.654,,,,,,,11.997,11.677,11.846,12.003,11.949,12.003,1.349,3
SUMN.SUMNVALE 80.0,res11,,1579940.0,5174305.5,21.249,,,,,,,21.339,21.293,21.378,21.35,21.313,21.378,0.129,2
SUMN.SUMNSTM 1602.6,res11,,1580842.875,5174922.0,10.3,,,,,,,11.918,11.578,11.65,11.9,11.883,11.918,1.618,A0.5
SUMN.SUMNSTM 1631.4,res11,,1580868.875,5174933.5,10.267,,,,,,,11.89,11.557,11.603,11.864,11.868,11.89,1.624,A0.5
SUMN.Inlet.CCCGIS.13125,prf,,1580873.997,5175651.322,9.728,12.003,11.214,11.556,11.565,11.516,11.036,,,,,,12.003,2.276,"""0.5"""
SUMN.SUMNVALE 220.0,res11,,1580043.125,5174363.0,17.406,,,,,,,18.118,17.905,18.188,18.153,18.023,18.188,0.782,2
SUMN.Access.CCCGIS.15580,prf,,1580731.689,5175184.979,9.815,12.188,11.902,11.808,11.855,11.809,11.511,,,,,,12.188,2.373,"""0.5"""
SUMN.Inlet.CCCGIS.22649,prf,,1580965.798,5174930.082,10.357,12.166,11.889,11.862,11.867,11.85,11.684,,,,,,12.166,1.808,"""0.5"""
SUMN.Access.CCCGIS.10867,prf,,1580333.979,5176163.864,11.343,12.418,12.27,12.243,12.008,11.887,11.537,,,,,,12.418,1.075,"""0.5"""
SUMN.SUMNVALE 0.0,res11,,1579881.0,5174262.5,25.314,,,,,,,25.32,25.32,25.32,25.32,25.32,25.32,0.006,A0.5
SUMN.SUMNSTM 199.5,res11,,1579983.875,5174221.5,20.857,,,,,,,21.677,21.407,21.739,21.72,21.554,21.739,0.882,2
SUMN.FINNPL 62.4,res11,,1580237.25,5174804.0,12.495,,,,,,,12.84,12.786,12.896,12.846,12.815,12.896,0.401,2
SUMN.Bend.CCCGIS.141,prf,,1580418.945,5176079.695,9.372,12.301,11.874,11.835,11.691,11.683,11.244,,,,,,12.301,2.929,"""0.5"""
SUMN.Inlet.CCCGIS.28528,prf,,1580480.364,5175953.641,10.653,11.995,11.95,11.957,11.937,11.903,11.65,,,,,,11.995,1.341,"""0.5"""
SUMN.Inlet.CCCGIS.28530,prf,,1580513.154,5175927.016,10.903,11.992,11.883,11.9,11.883,11.872,11.692,,,,,,11.992,1.089,"""0.5"""
SUMN.SUMNSTM 1160.2,res11,,1580433.0,5174804.0,11.0,,,,,,,12.212,11.877,12.129,12.241,12.1,12.241,1.241,3
SUMN.ARNSTDR 55.0,res11,,1580964.75,5174912.5,11.71,,,,,,,12.028,11.918,12.091,12.041,11.985,12.091,0.381,2
SUMN.FINNPL 52.4,res11,,1580231.25,5174796.0,12.542,,,,,,,12.858,12.793,12.933,12.861,12.832,12.933,0.391,2
SUMN.WIGGINS 13.9,res11,,1581184.25,5175191.5,11.265,,,,,,,11.686,11.505,11.838,11.717,11.646,11.838,0.573,2
SUMN.Outlet.CCCGIS.5019,prf,,1580341.847,5175961.357,12.467,13.036,13.161,13.116,13.084,13.041,12.947,,,,,,13.161,0.694,
SUMN.FINNPL 22.4,res11,,1580215.625,5174770.5,12.785,,,,,,,12.976,12.885,13.047,12.985,12.938,13.047,0.262,2
SUMN.Access.CCCGIS.16503,prf,,1580638.525,5176136.242,9.411,12.167,11.074,11.07,11.064,11.059,10.942,,,,,,12.167,2.756,"""0.5"""
SUMN.SUMNVALE 250.0,res11,,1580067.75,5174346.0,17.021,,,,,,,18.027,17.812,18.106,18.067,17.928,18.106,1.085,2
SUMN.Inlet.CCCGIS.13104,prf,,1580796.912,5175698.925,9.928,11.998,11.304,11.554,11.532,11.473,11.197,,,,,,11.998,2.07,"""0.5"""
SUMN.Inlet.CCCGIS.13028,prf,,1581164.546,5175370.464,9.921,12.135,11.701,11.37,11.448,11.426,11.171,,,,,,12.135,2.214,"""0.5"""
SUMN.SUMNSTM 291.5,res11,,1580049.625,5174285.5,17.949,,,,,,,18.864,18.566,18.91,18.909,18.725,18.91,0.961,2
SUMN.SUMNSTM 836.8,res11,,1580294.375,5174718.5,11.194,,,,,,,12.467,12.142,12.452,12.515,12.32,12.515,1.321,3
SUMN.Access.CCCGIS.10955,prf,,1581179.006,5175388.161,9.69,12.211,11.709,11.446,11.383,11.36,11.133,,,,,,12.211,2.521,"""0.5"""
SUMN.SUMNSTM 1748.0,res11,,1580952.5,5175002.0,10.2,,,,,,,11.79,11.495,11.478,11.758,11.805,11.805,1.605,3$
SUMN.RICHMONW 141.1,res11,,1580339.625,5175966.0,12.68,,,,,,,13.116,12.947,13.161,13.131,13.058,13.161,0.481,2
SUMN.Inlet.CCCGIS.40748,prf,,1580349.238,5174520.66,14.905,14.908,14.909,14.908,14.908,14.908,14.908,,,,,,14.909,0.003,
SUMN.RICHMONW 195.0,res11,,1580368.125,5176010.5,10.657,,,,,,,12.394,11.546,12.446,12.421,12.32,12.446,1.789,2
SUMN.SUMNSTM 2240.0,res11,,1581247.875,5175384.5,9.78,,,,,,,11.476,11.186,11.126,11.43,11.525,11.525,1.745,3$
SUMN.FINNPL 73.4,res11,,1580243.5,5174813.0,12.351,,,,,,,12.827,12.783,12.863,12.831,12.807,12.863,0.512,2
SUMN.SUMNSTM 759.5,res11,,1580288.125,5174641.5,11.238,,,,,,,12.718,12.423,12.76,12.763,12.607,12.763,1.525,3
SUMN.Access.CCCGIS.10895,prf,,1580497.119,5175078.656,11.02,12.315,11.795,11.952,11.935,11.878,11.652,,,,,,12.315,1.295,"""0.5"""
SUMN.Access.CCCGIS.15578,prf,,1580794.152,5175134.035,9.648,12.235,11.971,11.789,11.861,11.813,11.498,,,,,,12.235,2.587,"""0.5"""
SUMN.SUMNSTM 2602.0,res11,,1581496.75,5175580.5,9.11,,,,,,,10.804,10.884,10.803,10.81,10.82,10.884,1.774,22@
SUMN.Access.CCCGIS.10839,prf,,1580243.373,5174551.371,11.851,13.305,13.544,13.413,13.309,12.933,12.329,,,,,,13.544,1.693,
SUMN.Access.CCCGIS.10892,prf,,1580491.723,5176174.143,9.23,12.366,11.212,11.201,11.063,11.103,11.004,,,,,,12.366,3.136,"""0.5"""
SUMN.ARNSTDR 65.0,res11,,1580965.375,5174923.0,11.089,,,,,,,11.858,11.687,11.883,11.865,11.856,11.883,0.794,2
SUMN.SUMNVALE 100.0,res11,,1579954.25,5174319.5,20.535,,,,,,,20.677,20.588,20.716,20.682,20.649,20.716,0.181,2
SUMN.Access.CCCGIS.10884,prf,,1580426.694,5174813.885,8.406,13.027,13.217,12.701,12.725,12.431,11.572,,,,,,13.217,4.811,
SUMN.SUMNSTM 1333.1,res11,,1580594.25,5174848.0,10.8,,,,,,,12.143,11.811,12.034,12.165,12.037,12.165,1.365,3
SUMN.SUMNVALE 200.0,res11,,1580025.875,5174373.0,17.79,,,,,,,18.203,17.941,18.269,18.243,18.082,18.269,0.479,2
SUMN.Inlet.CCCGIS.13295,prf,,1580849.045,5175656.885,9.704,12.008,11.17,11.354,11.356,11.326,11.071,,,,,,12.008,2.304,"""0.5"""
SUMN.Access.CCCGIS.10935,prf,,1580784.943,5175909.084,11.309,11.995,11.422,11.526,11.526,11.481,11.415,,,,,,11.995,0.686,"""0.5"""
SUMN.SUMNSTM 0.0,res11,,1579894.875,5174051.0,28.08,,,,,,,28.122,28.115,28.198,28.15,28.116,28.198,0.118,2
SUMN.Access.CCCGIS.16499,prf,,1580543.487,5176036.906,9.56,12.242,11.377,11.327,11.302,11.294,11.033,,,,,,12.242,2.682,"""0.5"""
SUMN.Access.CCCGIS.10977,prf,,1581449.073,5175532.366,7.946,12.23,11.539,11.383,10.87,10.9,10.937,,,,,,12.23,4.284,"""0.5"""
SUMN.SUMNSTM 2318.8,res11,,1581320.125,5175378.5,9.716,,,,,,,11.431,11.1,11.053,11.372,11.489,11.489,1.773,3$
SUMN.Inlet.CCCGIS.28539,prf,,1580333.125,5175966.58,12.62,13.047,13.171,13.126,13.095,13.052,12.958,,,,,,13.171,0.551,
SUMN.SUMNSTM 184.4,res11,,1579972.375,5174211.5,22.008,,,,,,,22.398,22.234,22.438,22.423,22.323,22.438,0.43,2
SUMN.SUMNVALE 90.0,res11,,1579947.125,5174312.5,20.802,,,,,,,20.938,20.857,20.984,20.944,20.908,20.984,0.182,2
SUMN.Inlet.CCCGIS.28534,prf,,1580531.402,5175908.634,11.065,11.882,11.887,11.89,11.875,11.869,11.728,,,,,,11.89,0.825,0.5
SUMN.Access.CCCGIS.17255,prf,,1580625.794,5174973.396,10.617,12.003,11.765,11.959,11.943,11.885,11.642,,,,,,12.003,1.387,"""0.5"""
SUMN.Access.CCCGIS.15583,prf,,1580613.945,5175280.327,10.3,12.188,11.884,11.81,11.855,11.81,11.514,,,,,,12.188,1.888,"""0.5"""
SUMN.SUMNSTM 657.3,res11,,1580295.5,5174554.0,11.937,,,,,,,13.391,12.534,13.471,13.474,13.141,13.474,1.537,3
SUMN.SUMNSTM 1573.9,res11,,1580820.75,5174903.5,10.333,,,,,,,11.93,11.596,11.684,11.916,11.894,11.93,1.596,A0.5
SUMN.SUMNSTM 139.3,res11,,1579944.125,5174177.5,23.065,,,,,,,24.279,23.812,24.364,24.336,24.13,24.364,1.299,2
SUMN.SUMNVALE 50.0,res11,,1579921.25,5174282.0,22.331,,,,,,,22.639,22.506,22.757,22.659,22.583,22.757,0.426,2
SUMN.Outlet.CCCGIS.11534,prf,,1580667.508,5176162.671,10.0,12.149,10.762,10.762,10.76,10.762,10.849,,,,,,12.149,2.149,"""0.5"""
SUMN.Inlet.CCCGIS.13054,prf,,1581027.976,5175526.336,10.121,12.019,11.204,11.523,11.571,11.546,11.158,,,,,,12.019,1.899,"""0.5"""
SUMN.Access.CCCGIS.15308,prf,,1580440.255,5176212.536,10.042,12.13,11.631,11.752,11.68,11.629,10.643,,,,,,12.13,2.088,"""0.5"""
SUMN.SUMNSTM 109.3,res11,,1579930.5,5174151.0,23.644,,,,,,,25.118,24.428,25.286,25.233,24.811,25.286,1.642,2
SUMN.SUMNSTM 1588.3,res11,,1580831.875,5174912.5,10.317,,,,,,,11.923,11.587,11.667,11.908,11.889,11.923,1.607,A0.5
SUMN.Access.CCCGIS.10916,prf,,1580649.556,5175091.581,10.092,12.645,14.011,12.189,12.095,11.916,11.512,,,,,,14.011,3.919,
SUMN.Access.CCCGIS.10936,prf,,1580845.442,5175073.136,8.308,12.737,61.152,12.182,12.084,11.892,11.415,,,,,,61.152,52.844,
SUMN.Access.CCCGIS.11342,prf,,1580481.55,5176103.479,10.566,12.066,11.619,11.643,11.519,11.51,11.167,,,,,,12.066,1.5,"""0.5"""
